Protocol Name,Supplement Name,Notes for use: ,Directions For Use,Link To Purchase,,Cardio Type
1 Hour Before Bed (METHYLATION Protocol),TMG (Trimethylglycine),,4g,Order here,,Treadmill
1 Hour Before Bed (METHYLATION Protocol),Glycine,,4g,Order here,,Bike
1 Hour Before Bed (METHYLATION Protocol),L-Methionine,,2.4g (2400mg),Order here,,HIIT
1 Hour Before Bed (METHYLATION Protocol),Methyl Folate/methyl B12,Use discount code is TOGNIETTI10 for savings,1000mcg (1 full dropper),Order here,,Stairmaster
1 Hour Before Bed (METHYLATION Protocol),Inositol,,6g,Order here,,Brisk Walk
1 Hour Before Bed (METHYLATION Protocol),Magnesium,Use discount code is TOGNIETTI10 for savings,200mg,Order here,,Run
1 Hour Before Bed (METHYLATION Protocol),Vitamin D3 + K2,Use discount code TOGNIETTI10 for savings - 1 hour before bed,5000 IU 1 hr before bed,Order here,,
5R Base Gut Protocol ,Artemisia Wormwood,,"Take 1 capsule with meals 1, 3, and 4 for only 2 weeks, then stop.",Order here,,
5R Base Gut Protocol ,Biofilm Resolve,Use discount code TOGNIETTI10.  7-Day Prepareation Phase for 5R protocol,"2 capsules 45-60 minutes before meals 1, 3, and 5 on an emtpy stomach. ",Order here,,
5R Base Gut Protocol ,Saccharomyces Boulardii,7-Day Preparation Phase for 5R protocol & use weeks 1-6. ,take 2 capsules of Saccharomyces Boulardii with meal 1 and 2 capsules with your last meal,Order here,,
5R Base Gut Protocol ,Water Intake,,Consume 1-1.5 gallons of water daily for the first 2 weeks,,,
5R Base Gut Protocol ,Fungal Pro,Discontinue after 6 weeks. Use discount code TOGNIETTI10 at checkout.,"2 capsules, 2 times a day (with the first and last meal)",Order here,,
5R Base Gut Protocol ,Biofilm Resolve,Use discount code TOGNIETTI10.  7-Day Prepareation Phase for 5R protocol,"Week 1: 3 capsules 30 minutes before meals 1/3/5
Weeks 2-5: 4 capsules 30 minutes before meals 1/3/5
Weeks 6-7: 3 capsules before meals 1/3/5
Weeks 8-9: 2 capsules before meals 1/3/5
Then off",Order here,,
5R Base Gut Protocol ,Saccharomyces Boulardii,,"2 capsules with meal 1
2 capsules with last meal",Order here...,,
5R Base Gut Protocol ,Mastic Gum,Use weeks 1-6.,1000 mg (2 capsules) with meals 2 and 5 daily for 6 weeks,Order here,,
5R Base Gut Protocol ,FC Extinguish,Use weeks 1-6. discount code TOGNIETTI10 at checkout.,"2 capsules, 2 times a day (first and last meal) for weeks 1-6",Order here,,
5R Base Gut Protocol ,Grapefruit Seed Extract (GSE) (Nutridyn),Use weeks 1-6. discount code TOGNIETTI10 at checkout.,"3 capsules with meals 1, 3, and 5 for 6 weeks.",,,
5R Base Gut Protocol ,Oregano Pro,Use weeks 1-6. Use discount code TOGNIETTI10 at checkout,"For first 6 weeks, take 4 tablets (200 mg) 3 times a day (meals 1, 3, and 5)",Order here,,
5R Base Gut Protocol ,Berberine,Use weeks 4-6. ,"Take 2000 mg with meals 1 and 3.
Take 1000 mg with meal 5",Order here,,
5R Base Gut Protocol ,Allicin (Allimed),Use weeks 4-6. ,"2 capsules with meals 1, 3, and 5 for weeks 4-6",Order here,,
5R Base Gut Protocol ,Bloat Eaze,Use weeks 1-6. Use discount code TOGNIETTI10,"1 scoop daily, with meal 1",Order here,,
5R Base Gut Protocol ,Glutamine,Use weeks 1-6.,20 grams daily with a meal,Order here,,
5R Base Gut Protocol ,Opti-Pure,Use weeks 1-6. Use my discount code TOGNIETTI10 for a discount,"Initial Phase: 3 capsules with meal 1 and meal 4 until the bottle is finished

Maintenance Phase: 3 capsules with meal 1 for the remainder of the second bottle
",Order here,,
5R Base Gut Protocol ,Calcium D-Glucarate (Nutricost),Use weeks 1-6.,2 tablets (1000 mg) with meal 1 and meal 5 for 8 weeks,Order here,,
5R Base Gut Protocol ,Zinc Carnosine,Use weeks 1-6.,1 tablet twice daily with meals 1 and 4 for 6 weeks,Order here,,
5R Base Gut Protocol ,Cort Eaze,Use weeks 1-6. Use my discount code TOGNIETTI10 for a discount,"Take 2 capsules upon waking, 2 capsules with meal 3, and 2 capsules before bed throughout the program.",Order here,,
5R Base Gut Protocol ,Relax Liposomal,Use weeks 1-6. Use my discount code TOGNIETTI10 for a discount,Take 2 ml before bed each night.,Order here,,
5R Base Gut Protocol ,Ashwagandha,Use weeks 1-6.,,Order here,,
5R Base Gut Protocol ,FODMAP,Week 7 and beyond ,Gradually introduce 1 FODMAP per week,,,
5R Base Gut Protocol ,Biotics Research Bile Plus,Use week 7 and beyond. Use my discount code TOGNIETTI10 for a discount,2 capsules per meal,Order here,,
5R Base Gut Protocol ,Saccharomyces Boulardii,,2 capsules with meal 1 for 6 more weeks,Order here,,
5R Base Gut Protocol ,Probiotic,Garden of Life brand. Use week 7 and beyond,"Take 1 capsule with meal 1
Take 1 capsule each morning",Order here,,
5R Base Gut Protocol ,Gut Defender,Use week 7 and beyond. Use my discount code TOGNIETTI10 for a discount,Take 2 capsules with meal 1 for maintenance for 6 weeks.,Order here,,
Adrenal Deficient Protocol,Cort Eaze,Use my discount code TOGNIETTI10 for a discount,"2 capsules upon waking
2 capsules with Meal 3
2 capsules with Meal 5
2 capsules before bed",Order here,,
Adrenal Deficient Protocol,Relax Liposomal,Use my discount code TOGNIETTI10 for a discount,2 ml before bed,Order here,,
Adrenal Deficient Protocol,Ashwagandha,,2 capsules with each dose of Cort Eaze,Order here,,
Adrenal Deficient Protocol,Re-Testing Labs,"After 8 weeks on the protocol, re-test labs to monitor progress and adjust treatment as necessary.",,,,
Adrenal Insufficient Protocol,Adrena Health (Practitioner Depot),Use my discount code TOGNIETTI10 for a discount,"3 capsules with meal 1
3 capsules with meal 3
3 capsules with meal 5",Order here,,
Adrenal Insufficient Protocol,Adrena Licorice (Practitioner Depot),Use my discount code TOGNIETTI10 for a discount,1 capsule with each Adrena Health dosage,Order here,,
Adrenal Insufficient Protocol,Vitamin C,,Follow the dosage in your regimen to boost adrenal health.,Order here,,
Adrenal Insufficient Protocol,Ashwagandha,,2 capsules with each Adrena Health dosage,Order here,,
Adrenal Insufficient Protocol,Dr. Wilson's Adrena Rebuilder,,1 capsule with every Adrena Health dosage,Order here,,
Adrenal Insufficient Protocol,Monitoring and Retesting,"After 6 months on the protocol, retest labs to evaluate progress and adjust treatment as needed.",,,,
Autophagy Push Protocol,Black Seed Oil,,10g/day,Order here,,
Autophagy Push Protocol,Vitamin B2,,500 mg/day,,,
Autophagy Push Protocol,Vitamin B3,,300 mg/day,,,
Autophagy Push Protocol,Methyl Folate/methyl B12,Use discount code is TOGNIETTI10 for savings,1200mcg/day,Order here,,
Autophagy Push Protocol,Magnesium,Use discount code is TOGNIETTI10 for savings,1 scoop/day,Order here,,
Autophagy Push Protocol,Iodine,,500 mg/day,Order here,,
Autophagy Push Protocol,Vitamin C,,2000mgs a day,Order here,,
Autophagy Push Protocol,CoQ10 (Nutrabio),,1500 mg/day,,,
Autophagy Push Protocol,Quercetin (Nutrabio),,500 mg/day,Order here,,
Autophagy Push Protocol,Alpha Lipoic Acid (Nutrabio),,300 mg/day,Order here,,
Autophagy Push Protocol,Cat's Claw,,750 mg/day,,,
Autophagy Push Protocol,L-Carnitine,Use my discount code TOGNIETTI10 for a discount,3g / day,Order here,,
Extra Supplements,5 HTP,,,Order here,,
Extra Supplements,L Dopa,,,Order here,,
Extra Supplements,Magnesium Glycinate, ,,Order here,,
Extra Supplements,Chasteberry,Use my discount code TOGNIETTI10 for a discount,,Order here,,
Extra Supplements,Collagen,Use my discount code TOGNIETTI10 for a discount,,Order here,,
Extra Supplements,Nulytes,Use my discount code TOGNIETTI10 for a discount,,Order here,,
Extra Supplements,Passion Flower Extract,,,Order here,,
Extra Supplements,Vitamin B1,,,Order here,,
Extra Supplements,Vitamin B12,,,Order here,,
Extra Supplements,Soy Isoflavones,,,Order here,,
Extra Supplements,Seeking Health Electrolytes,,,Order here,,
Extra Supplements,Equelle Menopause Symptom Relief,,,Order here,,
Extra Supplements,Bromelain,,,Order here,,
Extra Supplements,L Theanine,,,Order here,,
Extra Supplements,Niacin Flush,,,Order here,,
Extra Supplements,B2 (R5P),,,Order here,,
Extra Supplements,Equelle ,,,Order here,,
Extra Supplements,Naturdao Plus DAO Enzyme,,,Order here,,
Extra Supplements,Blue Light Glasses,,,Order here,,
Extra Supplements,Phosphatidylserine,,,Order here,,
Extra Supplements,Methylfolate,,,Order here,,
Extra Supplements,HCL with Pepsin,,,Order here,,
Extra Supplements,Soy Isoflavones,,,Order here,,
Extra Supplements,Methyl B12 / folate with Calcium,,,Order here,,
Extra Supplements,DIM,,,Order here,,
Extra Supplements,Utilyze,Use my discount code TOGNIETTI10 for a discount,,Order here,,
Extra Supplements,Gourmet Greens,Use my discount code TOGNIETTI10 for a discount,,Order here,,
Extra Supplements,GDA Max Pro,Use my discount code TOGNIETTI10 for a discount,,Order here,,
Extra Supplements,Flora-Protect,Use my discount code TOGNIETTI10 for a discount,,Order here,,
Extra Supplements,Thyro-Boost,Use my discount code TOGNIETTI10 for a discount,,Order here,,
Extra Supplements,Ashwaganda KSM-66,Use my discount code TOGNIETTI10 for a discount,,Order here,,
Liver & Cholestasis Support Protocol,L-Methionine,"Combine with B6, B12, and folate for optimal methylation.",400mg per every 54lbs of body weight,Order here,,
Liver & Cholestasis Support Protocol,Alpha-Lipoic Acid (ALA),R-ALA (the active isomer) may be used at 100–200 mg twice daily.,"300–600 mg, 1–2 times daily (preferably away from food)",Order here,,
Liver & Cholestasis Support Protocol,N-Acetyl-Cysteine (NAC),Take on an empty stomach or 30 min before meals for better absorption.,"600–1,200 mg, 2–3 times daily",Order here,,
Liver & Cholestasis Support Protocol,Glutathione (Liposomal or IV form),,"Liposomal oral: 250–500 mg, 1–2 times daily


IV (clinical use): 600–1,200 mg, 1–2 times weekly under supervision",,,
Liver & Cholestasis Support Protocol,TUDCA (Tauroursodeoxycholic Acid),Often combined with NAC or ALA for synergistic liver support.,"250–500 mg, 2 times per day with meals",Order here,,
Nervous System Regulator,Standardized Saffron,,30mgs upon waking,Order here,,
Nervous System Regulator,L Theanine,,400mgs upon waking,Order here,,
Nervous System Regulator,5-HTP,Take one hour before bed,100mgs ,Order here,,
Nervous System Regulator,Magnesium Glycinate,Take one hour before bed,350mgs,Order here,,
Nervous System Regulator,L Theanine,Take one hour before bed,200mgs,Order here,,
Nervous System Regulator,Ashwagandha,Take one hour before bed,2 capsules,Order here,,
PCOS Protocol,NuBalance,Use my discount code TOGNIETTI10 for a discount,6 capsules with Meal 1,Order here,,
PCOS Protocol,Calcium D-Glucarate (Nutricost),2 tablets (1000 mg) with Meal 1 and Meal 5,,Order here,,
PCOS Protocol,L-Carnitine,Use my discount code TOGNIETTI10 for a discount,"10 ml once a day, between meals",Order here,,
PCOS Protocol,N-Acetyl-Cysteine (NAC),Take on an empty stomach or 30 min before meals for better absorption.,1800 mg/day,Order here,,
PCOS Protocol,Saw Palmetto (Pure Encapsulations),,2 capsules with Meal 1 and 2 capsules with the last meal,Order here,,
Thyroid Protocol,Iodine,,225 mcg daily with Meal 1,Order here,,
Thyroid Protocol,Selenium,,3 Brazil nuts with Meal 1,,,
Thyroid Protocol,ThyroBoost Plus (Nuethix),Use my discount code TOGNIETTI10 for a discount,2 capsules daily,Order here,,
Thyroid Protocol,B12 Liposomal,1 full dropper discount code is TOGNIETTI10 for savings,0.5 ml daily,Order here,,
Thyroid Protocol,Black Seed Oil,,10g/day,Order here,,
Juice Plus+ Products,Super-Biome Probiotic + Prebiotic,,,Order here,,
Juice Plus+ Products,Super-Biome Probiotic,,,Order here,,
Juice Plus+ Products,Super-Biome Prebiotic,,,Order here,,
Juice Plus+ Products,Superfood Powder,,,Order here,,
Juice Plus+ Products,"Fruit, Vegetable, Berry & Omega Blend Capsules",,,Order here,,
Juice Plus+ Products,"Fruit, Vegetable & Berry Blend Capsules",,,Order here,,
Juice Plus+ Products,Fruit & Vegetable Blend Capsules,,,Order here,,
Juice Plus+ Products,Juice Plus+ Luminate,,,Order here,,
Juice Plus+ Products,Berry Blend Capsules,,,Order here,,
Juice Plus+ Products,Omega Blend Capsules,,,Order here,,
Juice Plus+ Products,"Fruit, Vegetable & Berry Blend Chewables",,,Order here,,
Juice Plus+ Products,Fruit & Vegetable Blend Chewables,,,Order here,,
Juice Plus+ Products,Berry Blend Chewables,,,Order here,,
Juice Plus+ Products,Variety Shakes,,,Order here,,
Juice Plus+ Products,Chocolate Shakes,,,Order here,,
Juice Plus+ Products,Vanilla Shakes,,,Order here,,
Juice Plus+ Products,Mind + Body Wellness Duo,,,Order here,,
NDRI,Mucuna Pruriens,1 cap upon waking,,Order here,,
NDRI,L Theanine,Take one hour before bed,200mgs,Order here,,
NDRI,Rhodiola (optional),500mgs upon waking,,Order here,,
Histamine/MCAS Protocol,Quercetin (Nutrabio),,"1 capsule with meal 1, 1 capsule with meal 2, 1 capsule with meal 4",Order here,,
Histamine/MCAS Protocol,Bromelain,,"2 with meal 1, 2 with meal 3, 2 with meal 4",Order here,,
Histamine/MCAS Protocol,Vitamin C (DAO cofactor and histamine degrader),,"2 with meal 1, 2 with meal 3, 2 with meal 4",Order here,,
Histamine/MCAS Protocol,GABA,,"1 cap with meal 1, 1 cap 1 hour before bed",Order here,,
Histamine/MCAS Protocol,DAO,,"1 capsule 15 mins before meal 1, 1 capsule 15 minutes before meal 3 and 1 capsule 15 minutes before meal 4",Order here,,
Histamine/MCAS Protocol,Probiotics HistaminX,,1 capsule upon waking,Order here,,
Histamine/MCAS Protocol,Zinc + Copper,,2 caps with meal 1,Order here,,
Histamine/MCAS Protocol,SAMe,,3 caps 1 hour before bed,Order here,,
Histamine/MCAS Protocol,B6,,1 cap with meal 1,Order here,,
Histamine/MCAS Protocol,Zyrtec ,,10 mg 1 hour before bed,,,
NuEthix Supplement,Cort-Eaze,Use my discount code TOGNIETTI10 for a discount,,Order here,,
NuEthix Supplement,Estro-Cort,Use my discount code TOGNIETTI10 for a discount,,Order here,,
NuEthix Supplement,Thyro-Boost +,Use my discount code TOGNIETTI10 for a discount,,Order here,,
NuEthix Supplement,Adrena-Health,Use my discount code TOGNIETTI10 for a discount,,Order here,,
NuEthix Supplement,Liposomal L-Carnitine,Use my discount code TOGNIETTI10 for a discount,,Order here,,
NuEthix Supplement,Nu-Multi,Use my discount code TOGNIETTI10 for a discount,,Order here,,
NuEthix Supplement,GDA-MAX Pro,Use my discount code TOGNIETTI10 for a discount,,Order here,,
NuEthix Supplement,Jumpstart EC,Use my discount code TOGNIETTI10 for a discount,,Order here,,
NuEthix Supplement,Nu-Lytes Electrolytes,Use my discount code TOGNIETTI10 for a discount,,Order here,,
NuEthix Supplement,Nu-D3 + K2,Use my discount code TOGNIETTI10 for a discount,,Order here,,
NuEthix Supplement,Fatty Acids Pro,Use my discount code TOGNIETTI10 for a discount,,Order here,,
NuEthix Supplement,Nu-Youth+ Collagen Protein,Use my discount code TOGNIETTI10 for a discount,,Order here,,
NuEthix Supplement,Prosorb+ Magnesium,Use my discount code TOGNIETTI10 for a discount,,Order here,,
NuEthix Supplement,Essential Energy BCAA + EAA + Keto Salts,Use my discount code TOGNIETTI10 for a discount,,Order here,,
NuEthix Supplement,Ashwagandha KSM-66®,Use my discount code TOGNIETTI10 for a discount,,Order here,,
NuEthix Supplement,Nu-Creatine,Use my discount code TOGNIETTI10 for a discount,,Order here,,
NuEthix Supplement,Slin-Trol,Use my discount code TOGNIETTI10 for a discount,,Order here,,
NuEthix Supplement,Herbal Adrena+,Use my discount code TOGNIETTI10 for a discount,,Order here,,
NuEthix Supplement,Cellular Restore Kit: Phase 1,Use my discount code TOGNIETTI10 for a discount,,Order here,,
NuEthix Supplement,Nu-Glutamine,Use my discount code TOGNIETTI10 for a discount,,Order here,,
NuEthix Supplement,ISO-Perfect With Digestive Support,Use my discount code TOGNIETTI10 for a discount,,Order here,,
NuEthix Supplement,DHEA Capsules,Use my discount code TOGNIETTI10 for a discount,,Order here,,
NuEthix Supplement,Restful Sleep,Use my discount code TOGNIETTI10 for a discount,,Order here,,
NuEthix Supplement,Nu-Woman,Use my discount code TOGNIETTI10 for a discount,,Order here,,
NuEthix Supplement,Stress Support,Use my discount code TOGNIETTI10 for a discount,,Order here,,
NuEthix Supplement,Nu-Protien Blend,Use my discount code TOGNIETTI10 for a discount,,Order here,,
NuEthix Supplement,Medipure Ultra,Use my discount code TOGNIETTI10 for a discount,,Order here,,
NuEthix Supplement,Gut Health Bundle,Use my discount code TOGNIETTI10 for a discount,,Order here,,
NuEthix Supplement,Ultimate Calm & Sleep Stack,Use my discount code TOGNIETTI10 for a discount,,Order here,,